InvoiceID,CustomerName,Amount,IssueDate,DueDate,Status
INV-2026-001,ACME Corp,12500.0,2026-04-15,2026-05-15,Paid
INV-2026-002,Wayne Enterprises,15000.0,2026-04-20,2026-05-20,Paid
INV-2026-003,ACME Corp,12500.0,2026-05-15,2026-06-15,Paid
INV-2026-004,Wayne Enterprises,15000.0,2026-05-20,2026-06-20,Paid
INV-2026-005,ACME Corp,12500.0,2026-06-15,2026-07-15,Paid
INV-2026-006,Wayne Enterprises,15000.0,2026-06-20,2026-07-20,Unpaid
INV-2026-007,LexCorp,5000.0,2026-06-25,2026-07-25,Unpaid
INV-2026-008,ACME Corp,12500.0,2026-07-15,2026-08-15,Unpaid
INV-2026-009,Stark Industries,8000.0,2026-07-18,2026-08-18,Unpaid
